<?xml version="1.0" encoding="UTF-8"?>
<ModuleInfo>  <ModulePN>MOD01D013Y0061????</ModulePN><Creator PN="01" Name="Acer-HQ1">  </Creator><Type PN="D01" Name="Drivers">  </Type><Module Alias="" PN="3Y" Name="Acer Airplane Mode Acer Airplane Mode Controller" Provider="Acer" GUID="" Class="Airplane Mode" Serial="Acer Airplane Mode Controller">  </Module><WOS Sku="W10 All" PN="61" CPU="X64">  </WOS><Lang>All language</Lang><ModuleVersion>v1.0.0.1</ModuleVersion><DriverVersion>v1.0.0.1</DriverVersion><OptionVersion>PnPUtil -i -a *.inf</OptionVersion><ProjectCodeName>NULL</ProjectCodeName><OdmName>NBCOM</OdmName><ModuleTimeout>30</ModuleTimeout><InstallPreiod>UserAlaunch</InstallPreiod><Reboot>False</Reboot><Delete>False</Delete><ReinstallProcessList>    <Process RetCode="-" OS-Language="" Period="" Params="" Timeout="0" OS-Sku="" Order="00" Check="" Exec="%RELATIVE_PATH%\Set.exe" Country="">  </Process></ReinstallProcessList><AutoRun>True</AutoRun><InstallPath>  </InstallPath><Description>  </Description><ProcessList>    <Process RetCode="-" OS-Language="" Period="" Params="" Timeout="30" OS-Sku="" Order="00" Check="False" Exec="%RELATIVE_PATH%\Set.cmd" Country="">  </Process></ProcessList><RegItemList>  </RegItemList><ModuleProperty>RCD,STCD,RSCD</ModuleProperty><HWIDs>ACPI\VEN_1025&amp;DEV_1229</HWIDs><AutoCheckHWID>True</AutoCheckHWID><CheckRemove>True</CheckRemove><MVPKernelVersion>2.0.5.8</MVPKernelVersion><MVPUIVersion>2.0.6.6</MVPUIVersion><LOB>Notebook</LOB></ModuleInfo>